City_ID,City,Lat,Lng,Max Temp,Humidity,Cloudiness,Wind Speed,Country,Date
0,saldanha,-33.0117,17.9442,68.05,82,0,8.39,ZA,1675999661
1,punta arenas,-53.15,-70.9167,46.51,76,20,17.27,CL,1675999530
2,kieta,-6.2167,155.6333,85.51,67,95,5.55,PG,1675999662
3,bengkulu,-3.8004,102.2655,82.26,68,99,5.7,ID,1675999440
4,ushuaia,-54.8,-68.3,46.06,81,100,12.66,AR,1675999662
5,port alfred,-33.5906,26.891,67.17,97,98,6.55,ZA,1675999663
6,albany,42.6001,-73.9662,49.95,86,100,7.34,US,1675998984
7,taoudenni,22.6783,-3.9836,66.6,18,100,13.53,ML,1675999663
8,alofi,-19.0595,-169.9187,85.89,70,75,9.22,NU,1675999664
9,meulaboh,4.1363,96.1285,80.26,84,79,10.47,ID,1675999664
10,vaini,-21.2,-175.2,82.56,83,75,5.75,TO,1675999664
11,darhan,49.4867,105.9228,6.33,90,100,3.56,MN,1675999665
12,grindavik,63.8424,-22.4338,36.07,87,100,32.21,IS,1675999665
13,sri aman,1.2376,111.4621,80.65,83,40,0.0,MY,1675999666
14,geraldton,-28.7667,114.6,81.01,65,75,23.02,AU,1675999428
15,chuy,-33.6971,-53.4616,69.15,90,0,4.07,UY,1675999667
16,rikitea,-23.1203,-134.9692,80.06,73,1,17.65,PF,1675999667
17,castro,-24.7911,-50.0119,66.15,80,93,3.04,BR,1675999668
18,gornopravdinsk,60.05,69.9,-7.56,100,99,3.2,RU,1675999668
19,carthage,36.8611,10.3316,47.73,81,75,13.8,TN,1675999669
20,carnarvon,-24.8667,113.6333,81.93,65,92,19.48,AU,1675999669
21,bluff,-46.6,168.3333,63.81,62,55,12.68,NZ,1675999669
22,hilo,19.7297,-155.09,73.13,83,75,9.22,US,1675999670
23,khetia,21.6667,74.5833,76.06,21,5,0.65,IN,1675999670
24,itarema,-2.9248,-39.9167,78.75,85,68,8.5,BR,1675999538
25,krasnoselkup,65.7,82.4667,-5.44,98,100,12.39,RU,1675999671
26,bredasdorp,-34.5322,20.0403,69.06,88,64,11.77,ZA,1675999671
27,luwuk,-0.9516,122.7875,86.14,61,100,1.1,ID,1675999672
28,mahebourg,-20.4081,57.7,81.25,78,40,6.91,MU,1675999672
29,plettenberg bay,-34.0527,23.3716,66.4,91,1,4.92,ZA,1675999673
30,pangkalanbuun,-2.6833,111.6167,90.34,49,51,4.76,ID,1675999673
31,port moresby,-9.4431,147.1797,87.22,62,75,17.27,PG,1675999674
32,lorengau,-2.0226,147.2712,81.86,80,99,14.23,PG,1675999674
33,jamestown,42.097,-79.2353,47.01,90,100,13.8,US,1675999618
34,zhaodong,46.0833,125.9833,24.87,87,99,6.49,CN,1675999675
35,olafsvik,64.8945,-23.7142,31.35,90,100,21.12,IS,1675999675
36,new norfolk,-42.7826,147.0587,72.91,61,52,1.99,AU,1675999676
37,busselton,-33.65,115.3333,77.72,47,0,13.0,AU,1675999677
38,iqaluit,63.7506,-68.5145,-31.27,73,20,2.3,CA,1675999677
39,owando,-0.4819,15.8999,72.86,57,59,2.06,CG,1675999677
40,tiksi,71.6872,128.8694,-39.57,99,82,4.32,RU,1675999678
41,mount gambier,-37.8333,140.7667,86.94,28,0,10.16,AU,1675999510
42,ahipara,-35.1667,173.1667,70.02,55,100,3.62,NZ,1675999679
43,east london,-33.0153,27.9116,68.94,94,100,4.61,ZA,1675999679
44,georgetown,5.4112,100.3354,87.73,73,20,5.75,MY,1675999400
45,northam,51.0333,-4.2167,35.38,81,90,4.34,GB,1675999680
46,bethel,41.3712,-73.414,50.36,84,100,1.01,US,1675999604
47,cape town,-33.9258,18.4232,70.92,75,0,9.22,ZA,1675999680
48,presidencia roque saenz pena,-26.7852,-60.4388,71.94,91,22,5.03,AR,1675999681
49,mataura,-46.1927,168.8643,63.48,35,62,5.79,NZ,1675999681
50,uvalde,29.3669,-99.767,58.19,51,0,6.91,US,1675999682
51,imeni zhelyabova,58.9544,36.5956,19.98,89,37,10.67,RU,1675999682
52,siilinjarvi,63.0833,27.6667,32.02,86,100,12.66,FI,1675999683
53,chokurdakh,70.6333,147.9167,-24.74,97,100,6.22,RU,1675999683
54,beloha,-25.1667,45.05,73.69,81,18,5.53,MG,1675999684
55,ambilobe,-13.2,49.05,71.71,94,100,2.66,MG,1675999684
56,qaanaaq,77.484,-69.3632,-9.15,60,0,9.4,GL,1675999685
57,taksimo,56.3444,114.8794,-3.19,92,98,0.6,RU,1675999685
58,butaritari,3.0707,172.7902,80.92,81,99,20.07,KI,1675999686
59,lompoc,34.6391,-120.4579,57.58,76,0,0.0,US,1675999686
60,saint-augustin,51.226,-58.6502,-1.62,84,6,7.87,CA,1675999687
61,dubbo,-32.25,148.6167,82.53,47,40,8.05,AU,1675999687
62,bosaso,11.2842,49.1816,71.56,83,11,2.04,SO,1675999688
63,shenjiamen,29.9576,122.298,46.6,91,98,16.96,CN,1675999688
64,broome,42.2506,-75.833,54.66,77,100,9.22,US,1675999689
65,longjiang,47.3303,123.1836,15.28,81,55,3.71,CN,1675999689
66,kapaa,22.0752,-159.319,82.38,79,75,19.57,US,1675999169
67,dunedin,-45.8742,170.5036,58.08,69,92,11.72,NZ,1675999690
68,hobart,-42.8794,147.3294,73.27,77,40,12.66,AU,1675999604
69,kattivakkam,13.2167,80.3167,77.09,72,53,2.57,IN,1675999690
70,westport,41.1415,-73.3579,54.45,86,100,3.0,US,1675999605
71,pascagoula,30.3658,-88.5561,61.52,79,100,5.75,US,1675999460
72,biloela,-24.4167,150.5,91.81,30,7,13.89,AU,1675999691
73,fortuna,40.5982,-124.1573,45.99,78,3,4.0,US,1675999692
74,atambua,-9.1061,124.8925,78.57,80,100,7.87,ID,1675999692
75,roshal,55.6685,39.8749,21.67,95,98,8.46,RU,1675999693
76,hermanus,-34.4187,19.2345,71.8,77,77,15.37,ZA,1675999693
77,changping,40.2186,116.2197,31.64,59,21,2.66,CN,1675999694
78,ginir,7.1333,40.7,56.66,47,8,3.91,ET,1675999694
79,kijang,35.2442,129.2139,46.13,85,86,7.07,KR,1675999694
80,sao filipe,14.8961,-24.4956,68.49,81,64,10.58,CV,1675999695
81,provideniya,64.3833,-173.3,-3.89,59,100,11.18,RU,1675999695
82,sorland,67.667,12.6934,33.66,61,100,33.33,NO,1675999696
83,soyo,-6.1349,12.3689,78.35,83,34,7.72,AO,1675999696
84,sitka,57.0531,-135.33,44.49,70,100,12.66,US,1675999697
85,severo-kurilsk,50.6789,156.125,20.61,63,87,25.81,RU,1675999697
86,north bend,43.4065,-124.2243,49.91,87,100,13.8,US,1675999698
87,hithadhoo,-0.6,73.0833,81.19,73,100,9.62,MV,1675999698
88,fengrun,39.8333,118.1167,37.26,54,8,6.15,CN,1675999698
89,pevek,69.7008,170.3133,-25.55,99,100,4.63,RU,1675999699
90,eha amufu,6.6592,7.7596,74.55,85,56,4.25,NG,1675999700
91,grootegast,53.2125,6.2736,36.97,58,100,1.99,NL,1675999700
92,ereymentau,51.6199,73.1033,-7.96,95,28,10.67,KZ,1675999700
93,betong,5.7743,101.0723,83.62,61,46,1.95,TH,1675999701
94,saskylakh,71.9167,114.0833,-45.92,98,51,6.96,RU,1675999701
95,port elizabeth,-33.918,25.5701,63.1,94,0,3.44,ZA,1675999531
96,benghazi,32.1167,20.0667,53.53,68,2,26.96,LY,1675999702
97,ponta do sol,32.6667,-17.1,61.0,80,99,8.34,PT,1675999703
98,barrow,71.2906,-156.7887,-14.78,76,100,4.61,US,1675999703
99,leh,34.1667,77.5833,18.97,87,96,9.73,IN,1675999703
100,wanning,18.8003,110.3967,78.51,75,69,7.72,CN,1675999704
101,puerto ayora,-0.7393,-90.3518,78.55,91,82,5.91,EC,1675999704
102,port augusta,-32.5,137.7667,94.39,18,0,12.1,AU,1675999705
103,faanui,-16.4833,-151.75,81.97,70,9,10.92,PF,1675999705
104,axim,4.8699,-2.2405,77.7,91,54,4.61,GH,1675999706
105,kodiak,57.79,-152.4072,22.51,42,0,4.61,US,1675999706
106,peski,55.2163,38.7626,18.23,95,63,9.33,RU,1675999707
107,mar del plata,-38.0023,-57.5575,71.1,100,0,5.01,AR,1675999707
108,cabo san lucas,22.8909,-109.9124,67.51,65,0,3.44,MX,1675999461
109,saint-philippe,-21.3585,55.7679,80.19,80,99,10.92,RE,1675999708
110,guipavas,48.4352,-4.3972,46.45,97,100,2.3,FR,1675999708
111,codrington,-38.2667,141.9667,79.11,43,83,15.61,AU,1675999709
112,lagoa,39.05,-27.9833,56.73,58,77,11.88,PT,1675999709
113,preston,53.7667,-2.7167,43.9,88,100,10.31,GB,1675999710
114,tuktoyaktuk,69.4541,-133.0374,-11.2,84,100,14.97,CA,1675999710
115,vaitape,-16.5167,-151.75,81.97,70,9,10.87,PF,1675999711
116,goderich,43.7501,-81.7165,37.9,100,100,13.8,CA,1675999711
117,saint george,37.1041,-113.5841,45.25,33,0,16.11,US,1675999538
118,cadillac,44.2519,-85.4012,31.91,100,100,12.66,US,1675999712
119,oga,46.4631,10.347,20.08,68,10,4.07,IT,1675999712
120,niquelandia,-14.4739,-48.4597,70.79,87,93,1.88,BR,1675999713
121,balkhash,46.844,74.9804,0.21,85,0,8.95,KZ,1675999714
122,huarmey,-10.0681,-78.1522,72.07,84,96,5.82,PE,1675999714
123,berlevag,70.8578,29.0864,32.0,69,20,24.16,NO,1675999714
124,muntenii de jos,46.6167,27.7667,11.16,92,5,3.02,RO,1675999715
125,cruzeiro do sul,-29.5128,-51.9853,74.48,85,91,2.42,BR,1675999433
126,torbay,47.6666,-52.7314,14.58,81,100,21.85,CA,1675999716
127,hofn,64.2539,-15.2082,29.89,70,100,12.86,IS,1675999716
128,araouane,18.9048,-3.5265,68.95,14,57,14.79,ML,1675999717
129,machhlishahr,25.6833,82.4167,64.08,41,0,4.47,IN,1675999717
130,nelidovo,56.2211,32.7774,18.91,86,97,10.36,RU,1675999717
131,cidreira,-30.1811,-50.2056,73.11,84,70,8.99,BR,1675999718
132,aklavik,68.2191,-135.0107,-23.37,99,99,5.91,CA,1675999719
133,honiara,-9.4333,159.95,82.27,79,98,2.82,SB,1675999719
134,namibe,-15.1961,12.1522,68.58,81,82,5.08,AO,1675999719
135,bansko,41.8383,23.4885,19.65,85,86,1.81,BG,1675999720
136,saint-pierre,-21.3393,55.4781,80.28,57,0,4.61,RE,1675999422
137,padang,-0.9492,100.3543,82.45,75,100,3.4,ID,1675999721
138,jiayuguan,39.8167,98.3,39.92,11,19,3.96,CN,1675999721
139,tilichiki,60.4667,166.1,-11.04,86,100,13.65,RU,1675999722
140,ewa beach,21.3156,-158.0072,78.75,60,40,26.46,US,1675999722
141,glens falls,43.3095,-73.644,42.33,94,100,0.0,US,1675999181
142,atuona,-9.8,-139.0333,79.02,79,7,20.6,PF,1675999723
143,gat,31.61,34.7642,49.41,70,79,1.39,IL,1675999723
144,kumylzhenskaya,49.8809,42.5898,13.98,96,100,3.49,RU,1675999724
145,yellowknife,62.456,-114.3525,-10.68,77,40,5.75,CA,1675999725
146,houma,29.5958,-90.7195,64.4,70,100,3.44,US,1675999440
147,wattegama,6.7989,81.4808,77.77,72,86,6.2,LK,1675999725
148,koslan,63.4564,48.8989,25.65,90,100,11.03,RU,1675999726
149,ancud,-41.8697,-73.8203,58.91,99,100,7.65,CL,1675999726
150,omsukchan,62.5333,155.8,-27.22,95,78,5.91,RU,1675999693
151,terrace,54.5163,-128.6035,33.71,100,100,2.3,CA,1675999727
152,humaita,-7.5061,-63.0208,73.69,99,92,0.83,BR,1675999727
153,hasaki,35.7333,140.8333,38.21,80,100,17.63,JP,1675999728
154,bilibino,68.0546,166.4372,-37.21,100,85,1.92,RU,1675999728
155,talnakh,69.4865,88.3972,-6.47,97,100,12.35,RU,1675999729
156,lakatoro,-16.0999,167.4164,85.91,66,95,14.38,VU,1675999729
157,nikolskoye,59.7035,30.7861,30.09,89,100,12.37,RU,1675999730
158,buenos aires,-34.6132,-58.3772,82.13,74,0,8.05,AR,1675999549
159,kavieng,-2.5744,150.7967,81.63,82,100,13.29,PG,1675999730
160,agirish,61.9247,63.0231,17.94,92,84,7.29,RU,1675999731
161,elmira,42.0898,-76.8077,55.53,85,83,14.41,US,1675999731
162,vagur,61.4732,-6.8119,41.76,92,100,22.06,FO,1675999732
163,vila franca do campo,37.7167,-25.4333,55.81,76,59,9.04,PT,1675999732
164,aquiraz,-3.9014,-38.3911,81.18,83,100,7.58,BR,1675999553
165,hambantota,6.1241,81.1185,80.94,83,20,1.14,LK,1675999733
166,morant bay,17.8815,-76.4093,78.42,82,5,10.65,JM,1675999733
167,xanxere,-26.8769,-52.4042,69.91,64,95,3.62,BR,1675999734
168,vestmanna,62.1564,-7.1664,36.52,93,100,11.5,FO,1675999734
169,guines,50.8671,1.8703,39.88,80,65,2.64,FR,1675999735
170,salalah,17.0151,54.0924,75.29,27,0,13.8,OM,1675999735
171,lokachi,50.737,24.6494,24.75,87,98,9.53,UA,1675999736
172,samoylovka,51.184,43.7081,9.5,99,100,4.85,RU,1675999736
173,nichinan,31.6,131.3667,56.88,88,93,7.02,JP,1675999736
174,kavaratti,10.5669,72.642,79.95,75,100,8.55,IN,1675999737
175,bambous virieux,-20.3428,57.7575,81.21,78,40,6.91,MU,1675999738
176,christchurch,-43.5333,172.6333,73.42,61,75,17.27,NZ,1675999532
177,margate,51.3813,1.3862,38.7,81,87,1.01,GB,1675999738
178,laguna,38.421,-121.4238,58.32,78,0,3.44,US,1675999739
179,kaeo,-35.1,173.7833,70.39,55,100,7.85,NZ,1675999739
180,pisco,-13.7,-76.2167,71.65,94,40,5.75,PE,1675999551
181,jabinyanah,35.035,10.9081,48.0,71,25,26.44,TN,1675999599
182,bundaberg,-24.85,152.35,83.43,53,40,13.71,AU,1675999509
183,luhyny,51.082,28.4006,18.27,77,55,8.9,UA,1675999740
184,klaksvik,62.2266,-6.589,38.32,97,100,21.94,FO,1675999741
185,dingle,10.9995,122.6711,82.4,73,100,13.69,PH,1675999741
186,lugovoy,42.9472,72.7644,15.13,91,98,1.16,KZ,1675999742
187,berwick,41.0545,-76.2333,60.73,77,100,13.76,US,1675999742
188,valley,45.1277,-116.1262,11.01,88,30,5.88,US,1675999743
189,turbat,26.0023,63.044,64.87,78,6,0.6,PK,1675999743
190,pangnirtung,66.1451,-65.7125,-35.93,88,28,3.2,CA,1675999744
191,buchanan,5.8808,-10.0467,77.18,90,54,1.66,LR,1675999744
192,buala,-8.145,159.5921,86.0,59,100,5.03,SB,1675999515
193,san cristobal,7.7669,-72.225,68.18,95,83,1.59,VE,1675999745
194,ponta delgada,37.7333,-25.6667,56.12,71,20,9.22,PT,1675999745
195,ambulu,-8.345,113.6058,83.7,69,74,2.89,ID,1675999746
196,arraial do cabo,-22.9661,-42.0278,74.48,90,55,8.52,BR,1675999746
197,srednekolymsk,67.45,153.6833,-36.67,96,75,4.43,RU,1675999746
198,ribeira grande,38.5167,-28.7,56.77,67,82,5.01,PT,1675999747
199,vardo,70.3705,31.1107,28.38,80,88,20.71,NO,1675999747
200,tabou,4.423,-7.3528,78.76,85,6,4.79,CI,1675999748
201,anloga,5.7947,0.8973,80.19,86,71,10.78,GH,1675999748
202,stromness,58.965,-3.296,42.76,89,100,17.0,GB,1675999749
203,nome,64.5011,-165.4064,-0.33,71,100,4.61,US,1675999460
204,nhulunbuy,-12.2333,136.7667,81.21,83,75,12.66,AU,1675999749
205,otradnoye,59.7775,30.8181,30.25,90,100,12.46,RU,1675999750
206,valparaiso,-33.0393,-71.6273,58.64,88,0,4.61,CL,1675999640
207,hereford,52.0568,-2.7148,37.62,91,61,3.0,GB,1675999750
208,atikokan,48.7555,-91.6216,9.79,89,88,10.98,CA,1675999751
209,say,13.1007,2.3689,73.96,12,4,10.07,NE,1675999751
210,port lincoln,-34.7333,135.8667,72.59,61,5,18.45,AU,1675999752
211,rafraf,37.1904,10.1837,48.52,81,97,36.06,TN,1675999752
212,mount isa,-20.7333,139.5,89.37,40,6,14.97,AU,1675999753
213,te anau,-45.4167,167.7167,66.04,38,37,2.21,NZ,1675999753
214,gigmoto,13.7796,124.39,80.67,79,100,13.38,PH,1675999754
215,ostersund,63.1792,14.6357,28.85,93,40,26.46,SE,1675999754
216,necochea,-38.5473,-58.7368,63.03,91,0,10.18,AR,1675999754
217,kaitangata,-46.2817,169.8464,58.82,56,77,7.4,NZ,1675999755
218,avarua,-21.2078,-159.775,82.45,69,20,3.44,CK,1675999755
219,mountain home,43.133,-115.6912,32.14,47,0,12.66,US,1675999756
220,coihaique,-45.5752,-72.0662,54.21,93,75,8.05,CL,1675999756
221,sheridan,44.8333,-106.9173,21.45,73,0,4.61,US,1675999514
222,san jeronimo,-11.9472,-75.2829,52.86,82,100,2.57,PE,1675999757
223,ilulissat,69.2167,-51.1,3.22,78,100,10.36,GL,1675999692
224,samana,19.2056,-69.3369,74.7,81,5,11.56,DO,1675999757
225,upernavik,72.7868,-56.1549,-23.67,95,99,7.4,GL,1675999758
226,peniche,39.3558,-9.3811,51.93,73,0,19.33,PT,1675999758
227,yinchuan,38.4681,106.2731,30.87,62,95,2.15,CN,1675999759
228,port hardy,50.6996,-127.4199,42.98,93,100,16.11,CA,1675999759
229,havre-saint-pierre,50.2334,-63.5986,8.6,65,0,6.91,CA,1675999759
230,kamenka,51.3223,42.7678,13.39,97,100,5.26,RU,1675999760
231,caravelas,-17.7125,-39.2481,73.44,91,86,3.65,BR,1675999760
232,rawah,34.4816,41.9093,40.96,56,100,6.26,IQ,1675999761
233,torrington,41.8007,-73.1212,50.2,93,100,9.53,US,1675999761
234,elban,50.1018,136.5094,-1.14,86,85,3.11,RU,1675999761
235,inhambane,-23.865,35.3833,77.43,91,60,8.37,MZ,1675999762
236,alice springs,-23.7,133.8833,96.35,16,0,18.41,AU,1675999583
237,wad madani,14.4012,33.5199,70.88,51,51,8.19,SD,1675999763
238,san carlos de bariloche,-41.1456,-71.3082,58.24,94,100,11.5,AR,1675999594
239,surt,31.2089,16.5887,55.56,67,46,20.83,LY,1675999763
240,tostedt,53.2833,9.7167,36.72,90,100,8.81,DE,1675999764
241,ajdabiya,30.7554,20.2263,53.69,53,100,14.85,LY,1675999764
242,souillac,-20.5167,57.5167,79.18,78,40,6.91,MU,1675999764
243,san rafael del sur,11.8485,-86.4384,79.77,65,0,15.57,NI,1675999765
244,podgornoye,51.735,39.1496,23.22,93,100,6.71,RU,1675999765
245,blagoyevo,63.3667,47.9167,25.93,88,98,10.78,RU,1675999766
246,sechura,-5.5569,-80.8222,76.96,72,90,9.13,PE,1675999766
247,medea,36.2642,2.7539,32.79,93,11,4.79,DZ,1675999767
248,gizo,-8.103,156.8419,84.67,70,100,11.3,SB,1675999515
249,mahibadhoo,3.7833,72.9667,80.4,69,100,10.8,MV,1675999767
250,praia da vitoria,38.7333,-27.0667,55.65,76,20,13.78,PT,1675999768
251,lalmohan,22.3384,90.7419,72.59,67,8,3.78,BD,1675999768
252,yaan,7.3833,8.5667,77.77,19,69,4.94,NG,1675999768
253,nautla,20.2167,-96.7833,67.93,83,98,5.64,MX,1675999769
254,arys,42.4252,68.795,21.4,64,11,5.84,KZ,1675999769
255,maningrida,-12.0667,134.2667,87.46,68,98,5.19,AU,1675999770
256,saint-michel-des-saints,46.6834,-73.9159,24.94,97,100,9.13,CA,1675999770
257,strezhevoy,60.7333,77.5889,-12.42,100,62,5.55,RU,1675999771
258,sochi,43.6,39.7303,33.89,72,16,9.37,RU,1675999496
259,boa vista,2.8197,-60.6733,80.58,69,75,13.8,BR,1675999668
260,urgut,39.4022,67.2431,20.82,93,99,0.98,UZ,1675999772
261,general cepeda,25.3833,-101.45,58.06,25,16,0.56,MX,1675999772
262,lieksa,63.3167,30.0167,30.45,95,100,13.29,FI,1675999773
263,thompson,55.7435,-97.8558,-9.24,84,20,2.3,CA,1675999773
264,pavlodar,52.3,76.95,-16.8,69,75,4.47,KZ,1675999774
265,airai,-8.9266,125.4092,66.58,82,100,4.74,TL,1675999774
266,conde,-7.2597,-34.9075,76.46,100,20,4.61,BR,1675999775
267,touros,-5.1989,-35.4608,79.84,80,31,12.62,BR,1675999775
268,mayo,38.8876,-76.5119,66.36,74,40,16.11,US,1675999776
269,hailin,44.5833,129.4167,18.75,85,100,2.66,CN,1675999776
270,ozernovskiy,51.5,156.5167,21.85,73,100,25.28,RU,1675999776
271,umm kaddadah,13.6017,26.6876,61.93,16,18,13.85,SD,1675999777
272,bud,39.447,-86.1758,39.85,90,100,16.51,US,1675999777
273,khatanga,71.9667,102.5,-48.48,99,42,4.27,RU,1675999778
274,stanislav,46.5691,32.1478,25.09,59,61,4.29,UA,1675999778
275,revelstoke,50.9832,-118.2023,33.82,93,100,4.61,CA,1675999779
276,cayhagan,9.6697,122.4256,84.07,66,86,12.68,PH,1675999779
277,farafangana,-22.8167,47.8333,72.64,90,92,4.03,MG,1675999780
278,coahuayana,18.7333,-103.6833,70.43,86,1,1.97,MX,1675999780
279,bilma,18.6853,12.9164,63.14,21,1,11.99,NE,1675999780
280,normandin,48.8333,-72.5321,14.13,67,100,3.44,CA,1675999781
281,derzhavinsk,51.1,66.3167,-2.78,100,97,9.44,KZ,1675999781
282,vostok,46.4856,135.8833,13.93,69,100,0.36,RU,1675999782
283,lebu,-37.6167,-73.65,58.93,95,3,5.39,CL,1675999782
284,dikson,73.5069,80.5464,3.34,93,100,30.53,RU,1675999783
285,itaocara,-21.6692,-42.0761,71.94,97,100,2.35,BR,1675999783
286,nyurba,63.2842,118.3319,-32.22,95,99,4.85,RU,1675999783
287,nampula,-15.1165,39.2666,73.35,94,40,10.36,MZ,1675999784
288,beisfjord,68.3751,17.5988,30.04,92,100,6.82,NO,1675999784
289,koutsouras,35.0339,25.9469,47.1,61,21,9.35,GR,1675999785
290,atherton,53.5237,-2.4935,42.04,81,100,1.99,GB,1675999785
291,moroni,-11.7022,43.2551,79.43,81,39,3.96,KM,1675999786
292,mehamn,71.0357,27.8492,31.95,86,100,25.32,NO,1675999786
293,sabha,27.0377,14.4283,46.53,73,68,6.71,LY,1675999786
294,riyadh,24.6877,46.7219,46.54,41,100,6.76,SA,1675999787
295,rudbar,30.15,62.6,46.9,57,8,9.95,AF,1675999787
296,florence,43.7667,11.25,36.68,57,0,2.3,IT,1675999788
297,bongandanga,1.5,21.05,69.58,34,99,1.74,CD,1675999788
298,longyearbyen,78.2186,15.6401,19.24,79,75,12.66,SJ,1675999788
299,cotonou,6.3654,2.4183,79.84,86,2,7.54,BJ,1675999737
300,seymchan,62.8833,152.4333,-32.39,92,86,1.34,RU,1675999789
301,ingham,42.6,-84.3833,39.15,93,100,9.22,US,1675999790
302,urucara,-2.5364,-57.76,73.72,97,95,0.94,BR,1675999790
303,grand gaube,-20.0064,57.6608,81.37,74,61,5.99,MU,1675999790
304,bull savanna,17.8868,-77.5902,71.26,82,1,7.47,JM,1675999791
305,barra patuca,15.8,-84.2833,76.3,80,7,12.33,HN,1675999791
306,blytheville,35.9273,-89.919,44.58,81,0,0.0,US,1675999792
307,alta floresta,-9.8756,-56.0861,70.86,96,100,2.26,BR,1675999792
308,dawlatabad,36.4141,64.9053,31.19,94,100,5.57,AF,1675999793
309,bathsheba,13.2167,-59.5167,77.61,73,20,24.16,BB,1675999793
310,yarada,17.65,83.2667,77.32,78,67,2.3,IN,1675999794
311,arroyo,41.6096,-4.7969,37.11,78,0,5.75,ES,1675999794
312,hami,42.8,93.45,37.31,33,69,5.48,CN,1675999795
313,los llanos de aridane,28.6585,-17.9182,55.15,82,20,6.91,ES,1675999795
314,clyde river,70.4692,-68.5914,-28.97,75,0,8.05,CA,1675999796
315,deputatskiy,69.3,139.9,-40.4,98,85,3.38,RU,1675999796
316,tabuk,17.4189,121.4443,79.5,66,100,6.2,PH,1675999797
317,port keats,-14.25,129.55,82.74,82,100,6.04,AU,1675999797
318,yatou,37.15,122.3833,42.06,60,9,8.81,CN,1675999797
319,imbituba,-28.24,-48.6703,69.84,91,91,8.23,BR,1675999798
320,hamilton,39.1834,-84.5333,44.65,75,100,24.16,US,1675999612
321,huntsville,34.7304,-86.5861,52.93,77,0,5.75,US,1675999500
322,dali,25.7,100.1833,54.48,38,0,4.25,CN,1675999799
323,tarsus,36.9188,34.8784,39.07,49,0,6.31,TR,1675999799
324,daru,-9.0763,143.2092,79.02,85,100,9.82,PG,1675999800
325,shingu,33.7333,135.9833,50.58,93,100,6.78,JP,1675999800
326,norman wells,65.282,-126.8329,-7.56,77,20,5.75,CA,1675999801
327,ostrovnoy,68.0531,39.5131,32.07,84,97,25.03,RU,1675999801
328,jutai,-5.1833,-68.9,72.12,98,94,2.08,BR,1675999802
329,horodnye,45.8908,28.8483,18.19,82,4,2.51,UA,1675999802
330,high level,58.5169,-117.136,23.11,100,100,5.75,CA,1675999803
331,lasa,46.6166,10.7002,27.48,56,17,6.4,IT,1675999804
332,zhongshu,24.5167,103.7667,65.7,29,3,16.11,CN,1675999805
333,nisia floresta,-6.0911,-35.2086,79.61,87,98,7.23,BR,1675999806
334,narsaq,60.9167,-46.05,21.42,97,100,2.89,GL,1675999807
335,taman,45.2117,36.7161,26.73,73,8,17.2,RU,1675999808
336,montauban,44.0833,1.5,34.29,82,14,2.59,FR,1675999808
337,joniskis,56.2403,23.6153,31.12,81,99,21.14,LT,1675999809
338,monterey,36.2505,-121.2516,52.18,1,2,5.21,US,1675999701
339,nanortalik,60.1432,-45.2371,29.53,96,100,7.31,GL,1675999811
340,sibolga,1.7427,98.7792,79.03,83,91,0.6,ID,1675999811
341,bandarbeyla,9.4942,50.8122,75.85,72,10,14.5,SO,1675999812
342,port macquarie,-31.4333,152.9167,83.89,62,21,13.02,AU,1675999813
343,katobu,-4.9408,122.5276,85.89,62,100,6.62,ID,1675999813
344,tezpur,26.6333,92.8,61.07,79,100,3.87,IN,1675999538
345,burns lake,54.2331,-125.7533,33.22,98,100,3.31,CA,1675999815
346,nioki,-2.7167,17.6833,73.06,77,86,2.93,CD,1675999816
347,carutapera,-1.195,-46.02,76.14,91,74,4.21,BR,1675999818
348,cherskiy,68.75,161.3,-40.68,98,96,4.81,RU,1675999822
349,makakilo city,21.3469,-158.0858,77.32,59,40,26.46,US,1675999761
350,leningradskiy,69.3833,178.4167,-31.02,98,78,6.91,RU,1675999823
351,victoria,22.2855,114.1577,72.97,87,91,3.0,HK,1675999607
352,vanavara,60.34,102.2797,-8.73,99,100,2.98,RU,1675999824
353,lodwar,3.1191,35.5973,79.83,40,6,5.91,KE,1675999825
354,maloco,11.7832,122.152,78.89,86,90,11.95,PH,1675999826
355,phalaborwa,-23.943,31.1411,70.88,95,100,7.38,ZA,1675999826
356,srandakan,-7.9386,110.2506,84.97,65,60,6.78,ID,1675999827
357,lata,40.1629,-8.3327,46.08,73,0,6.35,PT,1675999827
358,byron bay,-28.65,153.6167,82.94,57,1,12.55,AU,1675999824
359,batticaloa,7.7102,81.6924,79.23,76,88,8.28,LK,1675999829
360,walvis bay,-22.9575,14.5053,67.15,77,100,5.75,NA,1675999830
361,korla,41.7597,86.1469,32.76,49,100,0.81,CN,1675999830
362,abu ghosh,31.8059,35.1093,42.62,81,78,1.01,IL,1675999831
363,svetlogorsk,52.6333,29.7333,18.79,92,19,9.89,BY,1675999832
364,bell ville,-32.6259,-62.6887,75.47,33,0,5.17,AR,1675999832
365,kefar yona,32.3167,34.9351,47.91,66,91,11.65,IL,1675999833
366,katsuura,35.1333,140.3,41.02,86,100,15.17,JP,1675999834
367,kalmunai,7.4167,81.8167,79.7,76,69,8.37,LK,1675999834
368,hobyo,5.3505,48.5268,76.03,72,5,16.93,SO,1675999835
369,viedma,-40.8135,-62.9967,81.05,33,62,22.41,AR,1675999835
370,korsakov,46.6328,142.7813,12.04,83,99,5.53,RU,1675999835
371,maniitsoq,65.4167,-52.9,0.39,99,92,16.8,GL,1675999836
372,tual,-5.6667,132.75,82.53,77,100,22.95,ID,1675999838
373,bako,5.7833,36.5667,67.12,41,26,4.18,ET,1675999838
374,naze,28.3667,129.4833,67.12,78,98,17.56,JP,1675999839
375,bridlington,54.0831,-0.1919,40.28,86,91,15.82,GB,1675999839
376,atlantic city,39.3643,-74.4229,58.17,83,0,18.41,US,1675999775
377,champerico,14.3,-91.9167,77.61,75,0,2.3,GT,1675999840
378,poum,-20.2333,164.0167,82.27,84,100,26.04,NC,1675999841
379,svetlaya,46.5389,138.3297,16.16,49,100,2.84,RU,1675999841
380,rocha,-34.4833,-54.3333,65.19,94,0,4.47,UY,1675999766
381,tygda,53.1167,126.3333,-0.35,88,100,5.44,RU,1675999842
382,celestun,20.8667,-90.4,76.32,76,50,8.77,MX,1675999842
383,san ignacio,17.1561,-89.0714,75.34,88,0,6.91,BZ,1675999843
384,coruripe,-10.1256,-36.1756,77.81,82,65,7.78,BR,1675999775
385,libenge,3.65,18.6333,70.54,28,40,2.62,CD,1675999844
386,norilsk,69.3535,88.2027,-3.84,96,100,10.83,RU,1675999844
387,straseni,47.1414,28.6103,10.33,81,61,2.17,MD,1675999844
388,tessalit,20.1986,1.0114,66.56,13,13,11.16,ML,1675999845
389,armidale,-30.5167,151.65,80.13,31,25,8.08,AU,1675999846
390,petropavlovsk-kamchatskiy,53.0452,158.6483,10.99,62,75,6.71,RU,1675999596
391,lavrentiya,65.5833,-171.0,-19.3,94,84,5.14,RU,1675999846
392,fukue,32.6881,128.8419,55.76,76,75,24.16,JP,1675999847
393,gamba,-2.65,10.0,78.1,87,89,3.38,GA,1675999847
394,yulara,-25.2406,130.9889,100.72,12,0,6.82,AU,1675999847
395,tommot,58.9564,126.2925,-8.48,96,99,1.12,RU,1675999848
396,rincon,32.296,-81.2354,67.96,80,75,8.05,US,1675999848
397,puerto ayacucho,5.6639,-67.6236,76.41,80,68,2.24,VE,1675999849
398,bonthe,7.5264,-12.505,75.79,87,72,4.29,SL,1675999849
399,catuday,16.2923,119.8062,81.54,56,100,7.74,PH,1675999850
400,avera,33.194,-82.5271,65.71,91,100,5.14,US,1675999850
401,san quintin,30.4833,-115.95,61.68,34,0,2.98,MX,1675999851
402,luderitz,-26.6481,15.1594,62.35,91,8,8.41,NA,1675999851
403,kamaishi,39.2667,141.8833,33.91,73,100,10.29,JP,1675999852
404,awbari,26.5921,12.7805,45.32,68,84,4.81,LY,1675999852
405,tasiilaq,65.6145,-37.6368,21.36,70,100,14.56,GL,1675999852
406,sao felix do xingu,-6.6447,-51.995,70.92,99,100,0.76,BR,1675999853
407,dabakala,8.3667,-4.4333,77.18,66,8,4.56,CI,1675999853
408,ulladulla,-35.35,150.4667,78.04,59,15,8.52,AU,1675999854
409,togur,58.3631,82.8265,-1.41,94,99,5.64,RU,1675999855
410,san policarpo,12.1791,125.5072,80.46,84,100,14.12,PH,1675999855
411,labuhan,-6.8844,112.2051,82.96,78,70,11.39,ID,1675999855
412,aran,40.6253,46.9756,33.35,80,100,5.75,AZ,1675999856
413,kathmandu,27.7167,85.3167,52.84,79,20,2.3,NP,1675999856
414,palembang,-2.9167,104.7458,84.29,74,75,10.36,ID,1675999857
415,bani walid,31.7566,13.9942,47.57,67,0,15.5,LY,1675999857
416,sault sainte marie,46.5168,-84.3333,34.36,96,100,11.5,CA,1675999627
417,miami,25.7743,-80.1937,76.01,82,20,12.66,US,1675999180
418,bubaque,11.2833,-15.8333,73.71,68,11,13.96,GW,1675999858
419,shaunavon,49.6501,-108.4181,17.38,76,16,12.75,CA,1675999859
420,hirara,24.8,125.2833,75.47,78,75,5.75,JP,1675999859
421,paamiut,61.994,-49.6678,18.52,90,100,21.59,GL,1675999859
422,scarborough,54.2797,-0.4044,40.66,87,99,3.0,GB,1675999801
423,hwange,-18.3693,26.5019,65.98,97,96,0.69,ZW,1675999860
424,ochakiv,46.6128,31.5498,25.95,54,63,4.03,UA,1675999860
425,sibu,2.3,111.8167,82.71,74,40,3.44,MY,1675999861
426,mata,40.683,-7.4592,38.93,79,4,6.06,PT,1675999862
427,kuytun,54.3419,101.5036,7.18,93,100,3.36,RU,1675999862
428,chapais,49.7834,-74.8492,11.98,92,100,8.95,CA,1675999863
429,sakaiminato,35.55,133.2333,42.78,100,75,9.22,JP,1675999864
430,constitucion,-35.3333,-72.4167,60.91,72,0,12.19,CL,1675999856
431,husavik,66.0449,-17.3389,22.17,69,100,11.72,IS,1675999865
432,jumla,29.2747,82.1838,50.07,36,5,3.04,NP,1675999866
433,zhezkazgan,47.8043,67.7144,3.18,85,100,8.95,KZ,1675999866
434,kruisfontein,-34.0033,24.7314,60.89,92,0,3.89,ZA,1675999867
435,olga,43.7444,135.2892,24.6,62,100,3.22,RU,1675999867
436,anchorage,61.2181,-149.9003,19.45,81,100,3.44,US,1675999675
437,turukhansk,65.8167,87.9833,-3.71,95,98,12.68,RU,1675999868
438,kuching,1.55,110.3333,85.12,86,40,2.3,MY,1675999844
439,sai buri,6.7013,101.6168,82.11,76,51,9.46,TH,1675999584
440,bestobe,52.4994,73.0975,-0.08,91,43,16.37,KZ,1675999870
441,port hedland,-20.3167,118.5667,100.45,39,20,12.66,AU,1675999587
442,santa rosa,14.3122,121.1114,89.58,64,38,13.04,PH,1675999870
443,vestmannaeyjar,63.4427,-20.2734,38.05,90,100,37.83,IS,1675999871
444,caronport,50.4501,-105.8179,23.18,82,33,9.71,CA,1675999871
445,fernley,39.608,-119.2518,44.02,59,3,3.0,US,1675999872
446,esperance,-33.8667,121.9,75.56,53,0,8.88,AU,1675999873
447,yumen,40.2833,97.2,37.98,19,3,11.65,CN,1675999873
448,kiruna,67.8557,20.2251,22.12,80,100,12.66,SE,1675999874
449,bahia honda,22.9036,-83.1592,72.34,81,1,3.49,CU,1675999875
450,cumberland,35.0502,-78.8664,68.49,71,0,12.66,US,1675999757
451,sinj,43.7036,16.6394,30.09,57,65,6.78,HR,1675999876
452,north adams,42.7009,-73.1087,49.05,80,100,10.36,US,1675999877
453,anadyr,64.75,177.4833,-28.7,66,40,13.42,RU,1675999878
454,kargasok,59.0556,80.8572,-2.25,97,53,6.58,RU,1675999878
455,lerwick,60.1545,-1.1494,41.0,97,100,19.33,GB,1675999879
456,santa cruz,-17.8,-63.1667,76.46,94,40,5.75,BO,1675999880
457,marawi,7.9986,124.2928,80.69,60,31,6.06,PH,1675999880
458,viramgam,23.1225,72.0484,73.9,45,5,5.35,IN,1675999881
459,seoul,37.5683,126.9778,45.79,78,75,8.05,KR,1675999882
460,rawson,-43.3002,-65.1023,76.91,40,17,24.81,AR,1675999883
461,general bravo,25.8,-99.1667,65.39,47,41,12.48,MX,1675999883
462,aneho,6.2333,1.6,79.97,85,24,9.33,TG,1675999678
463,panzhihua,26.5851,101.7128,65.32,32,0,0.85,CN,1675999884
464,sola,-13.8833,167.55,82.62,73,60,13.94,VU,1675999885
465,ambatondrazaka,-17.8333,48.4167,67.08,87,100,3.8,MG,1675999885
466,san bartolome de tirajana,27.9248,-15.5733,45.32,87,75,1.14,ES,1675999886
467,rio grande,-32.035,-52.0986,75.16,82,0,12.03,BR,1675999887
468,ossora,59.2353,163.0719,9.28,91,100,25.03,RU,1675999888
469,srivardhan,18.0333,73.0167,82.2,37,16,2.42,IN,1675999888
470,hargeysa,9.56,44.065,59.52,62,2,8.01,SO,1675999889
471,sur,22.5667,59.5289,71.55,63,4,6.64,OM,1675999889
472,timra,62.487,17.3257,33.48,60,76,19.57,SE,1675999890
473,nenjiang,49.1833,125.2167,14.14,89,100,4.29,CN,1675999891
474,mayor pablo lagerenza,-19.9309,-60.7718,79.81,72,44,7.29,PY,1675999891
475,malesina,38.6167,23.2333,38.23,79,98,15.5,GR,1675999892
476,margherita,27.2833,95.6833,71.06,49,96,3.27,IN,1675999860
477,castelldefels,41.2779,1.9703,46.69,78,20,10.36,ES,1675999893
478,fort nelson,58.8053,-122.7002,13.59,92,100,3.44,CA,1675999815
479,baykit,61.67,96.37,-9.09,97,100,1.7,RU,1675999894
480,kibuye,-2.0597,29.3482,63.03,79,67,2.42,RW,1675999894
481,banjarmasin,-3.3244,114.591,80.74,58,100,3.78,ID,1675999894
482,malindi,-3.2175,40.1191,76.62,85,3,5.59,KE,1675999895
483,ambon,-3.6954,128.1814,89.74,62,40,8.05,ID,1675999895
484,ucluelet,48.9329,-125.5528,47.08,92,100,7.0,CA,1675999821
485,santa marta,11.2408,-74.199,84.25,54,18,13.8,CO,1675999896
486,huoqiu,32.3394,116.2694,46.33,69,100,5.93,CN,1675999897
487,kabinda,-6.1333,24.4833,65.08,92,37,2.64,CD,1675999897
488,nanga eboko,4.6833,12.3667,63.61,90,97,1.23,CM,1675999898
489,pasni,25.2631,63.471,70.27,71,2,15.41,PK,1675999898
490,uzunovo,54.5386,38.6173,19.24,95,75,10.36,RU,1675999899
491,mandan,46.8267,-100.8896,21.81,88,0,9.22,US,1675999900
492,gusau,12.1628,6.6614,68.09,12,2,11.3,NG,1675999900
493,flinders,-34.5833,150.8552,85.17,65,11,5.01,AU,1675999901
494,tokyo,35.6895,139.6917,35.58,90,75,14.97,JP,1675999372
495,porto novo,6.4965,2.6036,77.74,90,3,4.23,BJ,1675999902
496,miquelon,47.0975,-56.3814,21.2,65,100,20.58,PM,1675999902
497,kahului,20.8947,-156.47,77.02,69,40,14.97,US,1675999902
498,bandraboua,-12.7044,45.1223,80.28,75,100,9.31,YT,1675999903
499,coquimbo,-29.9533,-71.3436,64.13,88,100,4.61,CL,1675999832
500,dale,38.1689,-86.99,44.94,76,100,11.5,US,1675999890
501,sooke,48.3746,-123.7276,44.28,83,89,1.59,CA,1675999904
502,coos bay,43.3665,-124.2179,49.98,87,100,13.8,US,1675999724
503,amapa,1.0,-52.0,71.82,99,100,2.04,BR,1675999904
504,pacific grove,36.6177,-121.9166,56.37,84,0,4.61,US,1675999905
505,goundam,16.4145,-3.6708,71.91,13,1,7.63,ML,1675999905
506,caibarien,22.5206,-79.4669,74.52,82,20,16.53,CU,1675999906
507,alindao,5.0267,21.2088,68.74,29,75,3.24,CF,1675999906
508,gulu,2.7746,32.299,70.14,41,19,2.17,UG,1675999906
509,santa isabel do rio negro,-0.4139,-65.0192,73.2,98,100,0.51,BR,1675999907
510,darnah,32.767,22.6367,54.21,71,100,20.62,LY,1675999907
511,ust-maya,60.4167,134.5333,-27.42,92,86,2.15,RU,1675999908
512,luau,-10.7073,22.2247,61.77,97,99,2.44,AO,1675999908
513,elko,41.0002,-115.5012,19.42,83,9,4.0,US,1675999702
514,innisfail,-17.5333,146.0333,81.41,84,91,4.72,AU,1675999909
515,tocopilla,-22.092,-70.1979,71.87,80,51,2.64,CL,1675999909
516,soc trang,9.6033,105.98,85.8,54,58,15.26,VN,1675999678
517,tateyama,34.9833,139.8667,40.93,93,75,6.91,JP,1675999910
518,sabratah,32.7933,12.4885,51.31,69,23,18.1,LY,1675999910
519,san patricio,28.017,-97.5169,62.46,58,100,5.97,US,1675999911
520,konza,-1.7426,37.1294,57.18,75,0,4.0,KE,1675999911
521,longonjo,-12.9067,15.2533,59.09,72,76,1.7,AO,1675999912
522,comodoro rivadavia,-45.8667,-67.5,71.46,33,0,11.5,AR,1675999912
523,kiama,-34.6833,150.8667,85.37,65,8,8.99,AU,1675999913
524,mersing,2.4312,103.8405,82.31,83,40,12.66,MY,1675999913
525,haines junction,60.7522,-137.5108,13.95,79,100,3.44,CA,1675999914
526,san antonio,29.4241,-98.4936,60.62,53,0,6.91,US,1675999703
527,malmo,55.6059,13.0007,40.1,88,100,20.36,SE,1675999914
528,talakan,50.3167,130.3667,11.23,88,100,6.85,RU,1675999915
529,zapolyarnyy,69.4154,30.8136,27.68,95,100,11.68,RU,1675999915
530,sovetskiy,61.3614,63.5842,11.19,95,100,4.97,RU,1675999916
531,vanimo,-2.6741,141.3028,83.03,72,97,10.16,PG,1675999916
532,malgrat de mar,41.6466,2.7414,47.95,77,4,3.85,ES,1675999917
533,egvekinot,66.3167,-179.1667,-23.39,89,90,7.11,RU,1675999917
534,chuka,-0.3332,37.6459,59.72,58,4,3.8,KE,1675999918
535,ballina,-28.8667,153.5667,83.01,68,0,11.25,AU,1675999918
536,asahi,35.7167,140.65,38.17,81,100,11.25,JP,1675999919
537,zaysan,47.4667,84.8667,20.23,88,82,2.17,KZ,1675999919
538,belaya gora,68.5333,146.4167,-39.57,98,99,4.25,RU,1675999919
539,leesburg,39.1157,-77.5636,67.05,74,0,16.11,US,1675999687
540,faya,18.3851,42.4509,50.11,75,32,1.97,SA,1675999920
541,los alamos,35.8881,-106.307,25.38,63,0,5.75,US,1675999921
542,general roca,-39.0333,-67.5833,83.46,26,0,16.64,AR,1675999922
543,lincolnton,35.4737,-81.2545,66.22,80,100,11.5,US,1675999923
544,alyangula,-13.8483,136.4192,86.34,68,100,3.67,AU,1675999923
545,kununurra,-15.7667,128.7333,94.98,52,96,3.44,AU,1675999923
546,kasane,-17.8167,25.15,66.29,100,40,1.14,BW,1675999924
547,kismayo,-0.3582,42.5454,77.22,82,20,14.43,SO,1675999925
548,moba,33.2288,105.0179,35.44,94,100,5.21,CN,1675999925
549,port blair,11.6667,92.75,82.44,65,71,5.75,IN,1675999926
550,agadir,30.4202,-9.5982,64.85,26,100,16.6,MA,1675999926
551,zunheboto,25.9667,94.5167,61.52,51,11,1.99,IN,1675999926
